{
  "reference_name": "baseline_best_success_fixed_batch",
  "checkpoint_path": "/home/gjw/MyProjects/autodl_unplug_charger_transformer_fm/ckpt/unplug_charger_transformer_fm_obs3_dit_v1_retrain_noamp_v1__baseline_500__e0500__20260408_011741/best_success.pt",
  "config_path": "/home/gjw/MyProjects/autodl_unplug_charger_transformer_fm/configs/fm_autodl_lab.json",
  "dataset_path": "/home/gjw/MyProjects/autodl_unplug_charger_transformer_fm/data/unplug_charger/valid",
  "dataset_indices": [
    0,
    1
  ],
  "seed": 1234,
  "loss_dict": {
    "loss_total": 0.03983943164348602,
    "loss_xyz": 0.013566859997808933,
    "loss_rot6d": 0.025975743308663368,
    "loss_grip": 0.0002968270855490118
  },
  "pred_y": {
    "shape": [
      2,
      32,
      10
    ],
    "mean": -0.10277660191059113,
    "std": 0.46570226550102234,
    "min": -0.9994665384292603,
    "max": 1.009230613708496
  },
  "pred_traj": {
    "shape": [
      11,
      2,
      32,
      10
    ],
    "mean": -0.10130605101585388,
    "std": 0.5466917157173157,
    "min": -2.926689624786377,
    "max": 3.029174327850342
  }
}
