{
  "extends": "fm_baseline.json",
  "norm_pcd_center": [0.23147505125770043, -0.04344726028677592, 1.106791561296044],
  "robot_state_mean": [
    0.26483173891271955,
    -0.06714248122113113,
    1.1598934098292144,
    0.16265405828298496,
    0.007430943296671331,
    -0.012393122368200652,
    0.00980176951618744,
    0.20219602671288778,
    -0.4270459625102704,
    0.8036166026421812
  ],
  "robot_state_std": [
    0.0955679492283369,
    0.17616121520002556,
    0.19103602432356145,
    0.7504778612827053,
    0.5105654234993289,
    0.38657582955293074,
    0.5366246007780641,
    0.4918812210378093,
    0.4967287455153424,
    0.39726182625570733
  ],
  "augment_data": true,
  "augment_translation_sigma": 0.02,
  "augment_rotation_sigma": 0.1
}
