{"_timestamp":1.776565116309823e+09,"loss_metrics/global_max_video_loss":0.04219944030046463,"loss_metrics/global_avg_video_loss":0.04219944030046463,"grad_norm":3.78125,"_step":0,"_wandb":{"runtime":20},"lr":1.0000000000000002e-06,"loss_metrics/global_avg_action_loss":0.7243558764457703,"_runtime":20.61953338,"loss_metrics/global_max_action_loss":0.7243558764457703}